name,gene,orf,plasmids,seq
degP,b0161,-40,pUA Et1,GGAACTTCAGGCTATAAAACGAATCTGAAGAACACAGCAATTTTGCGTTATC
yaeT,b0177,-902,pUA Et2,GGAACTAAAAGCCGTAGATGGTATCGAAACGCCTGATTGGGATGCCGTGCGT
sbmA,b0377,-85,pUA Et3,CGAACTAAGCGCCTTGCTATGGGTCACAATGGGCGGTTTCATTTGGCTGACG
clpX,b0438,-224,pUA Et4,TGAACTTATGGCGCTTCATACGGGTCAATCATTAGAACAGATTGAACGTGAT
ybfG,b0690,-44,pUA Et5,GGAACTTAATATTTAAAAAATGTTCCATACAATTCCTCATCATAAATGACAC
ompX,b0814,possible sRNA?,pUA Et6,GAAACTCTTCGCGATTTGTGATGTCTAACGGGCCATTTCATGTAACAGAACG
mdoG,b1048,-80,pUA Et7,TGAACGATACCGGGATTCTGTTGTCGGAATGGCTGGTTATCCATTAAAATAG
lpp,b1677,possible sRNA?,pUA Et8,GGCACTTATTTTTGATCGTTCGCTCAAAGAAGCATCGAACGCTGGGTTTTAG
yeaY,b1806,-28,pUA Et9,AGAAACTTCCGGGCAAAGAATGAATCTTAAGAGTATGCCCTGAGAAAAAAAG
sixA,b2340,-187,pUA Et10,GCAACTGACCTGCAATAAGAAGGTCAAAGCTATATGAATCCGCGCTGAATGG
ddg,b2378,-64,pUA Et11,GGAACCATTGTCGTACATGATGGCCCAACCAATTGAGTGTACCGCTGTCGAC
yfeK,b2419,-27,pUA Et12,GAAACTTTACCTGATTCTGGCAGTCAAATCGGCTATCACAAAACAAGGATAA
yfeY,b2432,-26,pUA Et13,GGCACTTTTTGGTGAATTTGCACTCCAAGCAACGTTATTGAATAACCAAAGG
yfgC,b2494,-26,pUA Et14,GGAACGATATTTCACAGTATCGGTCAAATGACTATCTCCAGAAATACAGGAT
yfgL,b2512,-323,pUA Et15,GGAACTTGCGCAGCAATTTGTTGACAAAAATGAACTAGAGAAAGCTGCCGCC
rpoE,b2573,-76,pUA Et16,GGAACTTTACAAAAACGAGACACTCTAACCCTTTGCTTGCTCAAATTGCAGC
rseA,b2572,-228,pUA Et17,CGAACCCTGAGAACTTAATGTTGTCAGAAGAACTGAGACAGATAGTTTTCCG
yfiO,b2595,-186,pUA Et18,GGAACATTTCGGCCAAAGCCTGATCTAAGCGTTGACCGAGTTGGTTTTCGGA
dsbC,b2893,-811,pUA Et19,TGAACGCTTACCGTCGCGATCTGTCAATGATGGTGGAGTGGTTGCATCACCG
yggN,b2958,-178,pUA Et20,CGAACTTTTCGACGTTTGGTGGGACTAAGAAAGCATACGGGCGATGACAAAT
ygiM,b3055,-165,pUA Et21,CGAACTTAATGCGATCTTTTTTGTCAGTAGATAGTATTTTGCGCCAAATTGC
bacA,b3057,-43,pUA Et22,TAAACCAAACGGTTATAACCTGGTCATACGCAGTAGTTCGGACAAGCGGTAC
yraP,b3150,-337,pUA Et23,TGCACTAAATACTGATAATGTTGTCTTAACGGCGATTGCCAACGATCGCTTA
greA,b3181,-138,pUA Et24,GGAACTTCAGGGTAAAATGACTATCAAAATGTGAATTGTAGCTGACCTGGGA
yhbG,b3201,-548,pUA Et25,AAAAGGTTAGAACATCCTATGAAATTCAAAACAAACAAACTCAGCCTTAATC
fkpA,b3347,-107,pUA Et26,GAAACTAATTTAAACAAAAAGAGTCTGAAAATAGATGATAATAGGGCGTGTC
malQ,b3416,-327,pUA Et27,GGAACAAGTGAAGGCAATTCTGGCCAAAGGCTACGACCCGGTGAAATGGCGG
rpoH,b3461,-87,pUA Et28,TGAACTTGTGGATAAAATCACGGTCTGATAAAACAGTGAATGATAACCTCGT
yhjJ,b3527,-76,pUA Et29,TGACATTTTCATGTTCTTGCGGTCTAACACGAAGTGTTTTTAACGTCATTTA
yieE,b3712,-40,pUA Et30,CGAACTTTTAGCCGCTTTAGTCTGTCCATCATTCCAGTAAATGATTACTCTT
plsB,b4041,-132,pUA Et31,AGAACCTTTTTACATTATGAGCGTCAATATCAGTGTACCGTTAAATCCGATG
ftsZ,b0095,-766,pUA Et32,TGAACGTTGTGGGCTGAAAGTTGACCAACTGATATTTGCCGGACTGGCATCA
ybaB,b0471,-367,pUA Et33,CCAACTTTCGCTACCAAAACTGGTCGAACAGGTGGCGTTAAATGCCTGGAAA
ybcR,b0554,-525,pUA Et34,TGAACTATTATTAAAAAATGATGTCACTGCGCGATAAATATTCATCTAATCA
ycdC,b1013,-108,pUA Et35,TAAAATATCTGGTAAAAAGTGGACTAAACGGTCAAAACAGTTGCACATAAAA
narW,b1466,-1378,pUA Et36,GAAACCAAACCGGGCATTGGTTATCCGAAAAACTGGGAAGATCAGGAAGAGT
ydhI,b1643,-27,pUA Et37,CGCACTTAAAGAATATTTATTAATCTAACGCAATATATTCGGTCGTAAAGGA
lhr,b1653,-734,pUA Et38,TGCAATTTATCCGTATTAAGAGAATCAGATGTCCGATAACGCTCAACTTACC
wzbwzc,b2061,-1095,pUA Et39,TGAAATTGATGCCATTATTGGTGTCAGTAACCTTGATAAGCGGTTGCACAGT
smpA,b2617,-117,pUA Et40,TAAACTTTTTTCCTGCTTCACGGTCAGAGTAAACAGCAAAACGCCGTAAGAC
yfjO,b2631,-328,pUA Et41,TGAACTACGCACCATTGAAGGTGTCTTAAAAAGTAAGATGAGTGGGTTAGGC
gspA,b3323,-236,pUA Et42,CGACCCTATGCTTATAAATATAATCAATATATTGATGGCAGCATCTTTATTA
fusA,b3340,-168,pUA Et43,CGAACTTTCTGATGCTGCAGAAAACAAAGGTACTGCAGTTAAGAAACGTGAA
yiaK,b3575,-13,pUA Et44,TGAAATTTTAAGCCAAAAAAGCGATCAAAAAAACAAGGAAGCCTGGGATGAA
yicJ,b3657,-678,pUA Et45,TGAACAAATTAATCTTGATGGCAGTCTGATTATTGGTGAAGTTTATAGTCAG
yiiS,b3922,-97,pUA Et46,TGAACTCTTCACCTTAAGCAATATCAAAAAAAATGGTAATCCATAAGATCAT
psd,b4160,-276,pUA Et47,GGAACAAATCACTCAGGGCTTTGTCGAATTCCATGACTATTTAGGTCTGTGT
ahpF,b0606,-721,pUA Et48,TAAACCTTTTAAAAACCAGGCATTCAAAAACGGCGAATTCATCGAAATCACC
ybjW,b0873,-309,pUA Et49,TGAACTGATTGCTATTATGTTGATCCCTGGGCTGATTCGCCGCAGCCGCTCT
yecI,b1902,-150,pUA Et50,TAAACTTGATGATTTAAGCATTTTCTTATACCCGTTCAGACGTTATTCTTAT
rybB,b4417,sRNA,pUA Et51,AGAACTTTTCCGCAGGGCATCAGTCTTAATTAGTGCCACTGCTTTTCTTTGA
-,c0428,-121,pUA Et52,TAAACCAAACCTGACATTTTGAATCAAAATGTCAGGTTTTGTAGCAATGGCG
yliF,c0919,-710,pUA Et53,GGAAATTGGCGAACTATTCCTGGTCTATCAACCGATTGTTGATATTAACACC
-,c4860,-741,pUA Et54,CAAACCTGTCTGGGCAATTACAGTCAAATCAATGGTATTGCCCAGTGCGAAG
-,STM0019,-695,pUA Et55,GGAACCGTTCTACTTTGAAGGTATCAATGTAGAAAAAGATGAAGAGCAGAGC
-,STM0084,-148,pUA Et56,TGAACTTTTCATCTAAATAATTTTTCAGTGAATTATGGTTATTTATTAATAT
yccR,STM1072,-97,pUA Et57,CGCAATTTTTATTCTTAGTGGCGTCAAAAATAAAAATCATCTTGCTCGCGGA
-,STM1676,-64,pUA Et58,TGAACTTTTTGTATAAATATAATCGTATTTAACAATACTCATTGTACCTGTA
ychH,STM1782,-57,pUA Et59,CGCACTTACAAACGAAAGTGTTGTCTATACTTTACACATAAAGTTTAGGGGG
micA,b4442,sRNA,pUA Et60,TGAACTCTTTCTTCCCAGGCGAGTCTGAGTATATGAAAGACGCGCATTTGTT
